trial,num_leaves,learning_rate,n_estimators,min_child_samples,AUC,MRR,nDCG@5,nDCG@10,n,seconds
7,15,0.02,300,3,0.6987376723317589,0.4719005077377014,0.5330109087768411,0.5780856144277066,5000,4.577641010284424
11,15,0.05,200,3,0.6984959494423115,0.4714866980641893,0.533567513972711,0.5783861435324934,5000,3.7664408683776855
0,15,0.02,200,5,0.6948236124149546,0.4654469805045324,0.5241741634967575,0.5730478881773589,5000,5.125119924545288
1,31,0.05,100,3,0.6886771660991643,0.4588006180772296,0.5184629329680105,0.5668906786174015,5000,3.5532689094543457
3,31,0.05,100,5,0.6883460252376945,0.46114602399704874,0.5196379023872746,0.5683112733543113,5000,3.5587048530578613
2,127,0.02,100,3,0.6817614961354439,0.45813228222515684,0.5144333351478938,0.5653738083443189,5000,5.10709285736084
5,15,0.05,300,10,0.6788322746889954,0.4479960108391687,0.5085968586918339,0.556948105002367,5000,4.26050877571106
6,63,0.05,150,10,0.6658365724340741,0.44412792612764335,0.49720476422326,0.5519114068814425,5000,4.640737056732178
9,127,0.02,300,3,0.6639809068803227,0.44238106372835,0.49666551146004734,0.5505373294107472,5000,9.35684084892273
10,63,0.1,150,3,0.6486606561133275,0.42853031538332,0.48161751043845497,0.5380055560521865,5000,4.564880132675171
8,63,0.1,200,3,0.6392010384650011,0.42293784175080634,0.47487153237716884,0.5319335987010825,5000,5.167020082473755
4,127,0.05,300,10,0.6274461182000769,0.40825212424108087,0.45789525170088735,0.5176590010219572,5000,9.250095129013062
