dataset,scale,metric,p50,p99,n
mind,small,retrieval_ms,2.933312440291047,3.6603897437453257,200
mind,small,feature_build_ms,2.6651249499991536,3.2684604288078845,200
mind,small,gbdt_score_ms,1.0662084678187966,1.1980018997564912,200
mind,small,total_ms,6.660416605882347,7.772113364189861,200
mind,small,bm25_index_mb,42.495077,42.495077,1
mind,small,embedding_matrix_mb,100.205568,100.205568,1
mind,small,feature_store_mb,1.236262,1.236262,1
mind,small,single_core_qps,128.66513303929872,128.66513303929872,1
mind,small,cost_per_1k_queries_usd,0.00010794601894708141,0.00010794601894708141,1
